Datetime,TCEQ Ethane (ppbv),TCEQ Ethane (ppbv)_right
2023-10-01T00:00:00.000000-0600,59.83,59.83
2023-10-01T01:00:00.000000-0600,,
2023-10-01T02:00:00.000000-0600,,
2023-10-01T03:00:00.000000-0600,,
2023-10-01T04:00:00.000000-0600,32.5,32.5
2023-10-01T05:00:00.000000-0600,127.24,127.24
2023-10-01T06:00:00.000000-0600,128.1,128.1
2023-10-01T07:00:00.000000-0600,127.64,127.64
2023-10-01T08:00:00.000000-0600,58.19,58.19
2023-10-01T09:00:00.000000-0600,13.43,13.43
2023-10-01T10:00:00.000000-0600,14.77,14.77
2023-10-01T11:00:00.000000-0600,6.99,6.99
2023-10-01T12:00:00.000000-0600,4.72,4.72
2023-10-01T13:00:00.000000-0600,8.77,8.77
2023-10-01T14:00:00.000000-0600,3.19,3.19
2023-10-01T15:00:00.000000-0600,3.02,3.02
2023-10-01T16:00:00.000000-0600,2.93,2.93
2023-10-01T17:00:00.000000-0600,5.28,5.28
2023-10-01T18:00:00.000000-0600,5.21,5.21
2023-10-01T19:00:00.000000-0600,26.28,26.28
2023-10-01T20:00:00.000000-0600,10.39,10.39
2023-10-01T21:00:00.000000-0600,11.33,11.33
2023-10-01T22:00:00.000000-0600,23.06,23.06
2023-10-01T23:00:00.000000-0600,66.43,66.43
2023-10-02T00:00:00.000000-0600,55.32,55.32
2023-10-02T01:00:00.000000-0600,58.43,58.43
2023-10-02T02:00:00.000000-0600,,
2023-10-02T03:00:00.000000-0600,,
2023-10-02T04:00:00.000000-0600,80.27,80.27
2023-10-02T05:00:00.000000-0600,55.46,55.46
2023-10-02T06:00:00.000000-0600,77.63,77.63
2023-10-02T07:00:00.000000-0600,29.99,29.99
2023-10-02T08:00:00.000000-0600,26.51,26.51
2023-10-02T09:00:00.000000-0600,8.37,8.37
2023-10-02T10:00:00.000000-0600,6.93,6.93
2023-10-02T11:00:00.000000-0600,7.65,7.65
2023-10-02T12:00:00.000000-0600,7.27,7.27
2023-10-02T13:00:00.000000-0600,8.1,8.1
2023-10-02T14:00:00.000000-0600,2.5,2.5
2023-10-02T15:00:00.000000-0600,18.39,18.39
2023-10-02T16:00:00.000000-0600,11.62,11.62
2023-10-02T17:00:00.000000-0600,25.49,25.49
2023-10-02T18:00:00.000000-0600,22.71,22.71
2023-10-02T19:00:00.000000-0600,18.26,18.26
2023-10-02T20:00:00.000000-0600,10.32,10.32
2023-10-02T21:00:00.000000-0600,42.07,42.07
2023-10-02T22:00:00.000000-0600,147.05,147.05
2023-10-02T23:00:00.000000-0600,84.21,84.21
2023-10-03T00:00:00.000000-0600,91.41,91.41
2023-10-03T01:00:00.000000-0600,110.39,110.39
2023-10-03T02:00:00.000000-0600,32.44,32.44
2023-10-03T03:00:00.000000-0600,42.81,42.81
2023-10-03T04:00:00.000000-0600,65.36,65.36
2023-10-03T05:00:00.000000-0600,108.0,108.0
2023-10-03T06:00:00.000000-0600,183.2,183.2
2023-10-03T07:00:00.000000-0600,123.48,123.48
2023-10-03T08:00:00.000000-0600,89.36,89.36
2023-10-03T09:00:00.000000-0600,42.56,42.56
2023-10-03T10:00:00.000000-0600,27.49,27.49
2023-10-03T11:00:00.000000-0600,18.61,18.61
2023-10-03T12:00:00.000000-0600,8.75,8.75
2023-10-03T13:00:00.000000-0600,5.7,5.7
2023-10-03T14:00:00.000000-0600,3.91,3.91
2023-10-03T15:00:00.000000-0600,3.83,3.83
2023-10-03T16:00:00.000000-0600,6.73,6.73
2023-10-03T17:00:00.000000-0600,3.51,3.51
2023-10-03T18:00:00.000000-0600,55.43,55.43
2023-10-03T19:00:00.000000-0600,9.17,9.17
2023-10-03T20:00:00.000000-0600,3.48,3.48
2023-10-03T21:00:00.000000-0600,,
2023-10-03T22:00:00.000000-0600,,
2023-10-03T23:00:00.000000-0600,7.36,7.36
2023-10-04T00:00:00.000000-0600,5.56,5.56
2023-10-04T01:00:00.000000-0600,6.52,6.52
2023-10-04T02:00:00.000000-0600,4.67,4.67
2023-10-04T03:00:00.000000-0600,11.77,11.77
2023-10-04T04:00:00.000000-0600,8.93,8.93
2023-10-04T05:00:00.000000-0600,16.79,16.79
2023-10-04T06:00:00.000000-0600,30.31,30.31
2023-10-04T07:00:00.000000-0600,38.62,38.62
2023-10-04T08:00:00.000000-0600,20.25,20.25
2023-10-04T09:00:00.000000-0600,4.74,4.74
2023-10-04T10:00:00.000000-0600,3.05,3.05
2023-10-04T11:00:00.000000-0600,1.61,1.61
2023-10-04T12:00:00.000000-0600,3.89,3.89
2023-10-04T13:00:00.000000-0600,2.02,2.02
2023-10-04T14:00:00.000000-0600,2.26,2.26
2023-10-04T15:00:00.000000-0600,1.06,1.06
2023-10-04T16:00:00.000000-0600,1.31,1.31
2023-10-04T17:00:00.000000-0600,1.18,1.18
2023-10-04T18:00:00.000000-0600,1.17,1.17
2023-10-04T19:00:00.000000-0600,2.09,2.09
2023-10-04T20:00:00.000000-0600,3.38,3.38
2023-10-04T21:00:00.000000-0600,1.8,1.8
2023-10-04T22:00:00.000000-0600,,
2023-10-04T23:00:00.000000-0600,,
2023-10-05T00:00:00.000000-0600,3.07,3.07
2023-10-05T01:00:00.000000-0600,2.47,2.47
2023-10-05T02:00:00.000000-0600,,
2023-10-05T03:00:00.000000-0600,,
2023-10-05T04:00:00.000000-0600,47.93,47.93
2023-10-05T05:00:00.000000-0600,40.23,40.23
2023-10-05T06:00:00.000000-0600,45.93,45.93
2023-10-05T07:00:00.000000-0600,11.64,11.64
2023-10-05T08:00:00.000000-0600,14.8,14.8
2023-10-05T09:00:00.000000-0600,27.12,27.12
2023-10-05T10:00:00.000000-0600,50.13,50.13
2023-10-05T11:00:00.000000-0600,31.38,31.38
2023-10-05T12:00:00.000000-0600,,
2023-10-05T13:00:00.000000-0600,27.96,27.96
2023-10-05T14:00:00.000000-0600,21.77,21.77
2023-10-05T15:00:00.000000-0600,35.86,35.86
2023-10-05T16:00:00.000000-0600,31.45,31.45
2023-10-05T17:00:00.000000-0600,32.67,32.67
2023-10-05T18:00:00.000000-0600,64.49,64.49
2023-10-05T19:00:00.000000-0600,104.04,104.04
2023-10-05T20:00:00.000000-0600,,
2023-10-05T21:00:00.000000-0600,83.41,83.41
2023-10-05T22:00:00.000000-0600,78.29,78.29
2023-10-05T23:00:00.000000-0600,49.42,49.42
2023-10-06T00:00:00.000000-0600,55.37,55.37
2023-10-06T01:00:00.000000-0600,78.2,78.2
2023-10-06T02:00:00.000000-0600,83.94,83.94
2023-10-06T03:00:00.000000-0600,56.96,56.96
2023-10-06T04:00:00.000000-0600,61.3,61.3
2023-10-06T05:00:00.000000-0600,37.09,37.09
2023-10-06T06:00:00.000000-0600,47.54,47.54
2023-10-06T07:00:00.000000-0600,52.1,52.1
2023-10-06T08:00:00.000000-0600,33.35,33.35
2023-10-06T09:00:00.000000-0600,14.91,14.91
2023-10-06T10:00:00.000000-0600,6.42,6.42
2023-10-06T11:00:00.000000-0600,5.35,5.35
2023-10-06T12:00:00.000000-0600,4.65,4.65
2023-10-06T13:00:00.000000-0600,4.0,4.0
2023-10-06T14:00:00.000000-0600,3.77,3.77
2023-10-06T15:00:00.000000-0600,3.99,3.99
2023-10-06T16:00:00.000000-0600,4.95,4.95
2023-10-06T17:00:00.000000-0600,15.74,15.74
2023-10-06T18:00:00.000000-0600,26.76,26.76
2023-10-06T19:00:00.000000-0600,65.0,65.0
2023-10-06T20:00:00.000000-0600,,
2023-10-06T21:00:00.000000-0600,,
2023-10-06T22:00:00.000000-0600,24.37,24.37
2023-10-06T23:00:00.000000-0600,23.5,23.5
2023-10-07T00:00:00.000000-0600,44.8,44.8
2023-10-07T01:00:00.000000-0600,81.77,81.77
2023-10-07T02:00:00.000000-0600,148.64,148.64
2023-10-07T03:00:00.000000-0600,108.31,108.31
2023-10-07T04:00:00.000000-0600,123.71,123.71
2023-10-07T05:00:00.000000-0600,56.66,56.66
2023-10-07T06:00:00.000000-0600,19.79,19.79
2023-10-07T07:00:00.000000-0600,10.78,10.78
2023-10-07T08:00:00.000000-0600,9.85,9.85
2023-10-07T09:00:00.000000-0600,5.85,5.85
2023-10-07T10:00:00.000000-0600,5.93,5.93
2023-10-07T11:00:00.000000-0600,7.07,7.07
2023-10-07T12:00:00.000000-0600,7.83,7.83
2023-10-07T13:00:00.000000-0600,8.98,8.98
2023-10-07T14:00:00.000000-0600,8.16,8.16
2023-10-07T15:00:00.000000-0600,6.8,6.8
2023-10-07T16:00:00.000000-0600,6.54,6.54
2023-10-07T17:00:00.000000-0600,6.91,6.91
2023-10-07T18:00:00.000000-0600,13.4,13.4
2023-10-07T19:00:00.000000-0600,38.03,38.03
2023-10-07T20:00:00.000000-0600,127.26,127.26
2023-10-07T21:00:00.000000-0600,,
2023-10-07T22:00:00.000000-0600,,
2023-10-07T23:00:00.000000-0600,56.24,56.24
2023-10-08T00:00:00.000000-0600,36.86,36.86
2023-10-08T01:00:00.000000-0600,50.64,50.64
2023-10-08T02:00:00.000000-0600,78.49,78.49
2023-10-08T03:00:00.000000-0600,126.87,126.87
2023-10-08T04:00:00.000000-0600,146.81,146.81
2023-10-08T05:00:00.000000-0600,78.18,78.18
2023-10-08T06:00:00.000000-0600,300.15,300.15
2023-10-08T07:00:00.000000-0600,296.37,296.37
2023-10-08T08:00:00.000000-0600,76.4,76.39
2023-10-08T09:00:00.000000-0600,25.91,25.91
2023-10-08T10:00:00.000000-0600,9.42,9.42
2023-10-08T11:00:00.000000-0600,7.67,7.67
2023-10-08T12:00:00.000000-0600,10.6,10.6
2023-10-08T13:00:00.000000-0600,10.48,10.48
2023-10-08T14:00:00.000000-0600,8.71,8.71
2023-10-08T15:00:00.000000-0600,10.08,10.08
2023-10-08T16:00:00.000000-0600,11.77,11.77
2023-10-08T17:00:00.000000-0600,5.33,5.33
2023-10-08T18:00:00.000000-0600,14.86,14.86
2023-10-08T19:00:00.000000-0600,21.96,21.96
2023-10-08T20:00:00.000000-0600,66.1,66.1
2023-10-08T21:00:00.000000-0600,,
2023-10-08T22:00:00.000000-0600,,
2023-10-08T23:00:00.000000-0600,,
2023-10-09T00:00:00.000000-0600,74.62,74.62
2023-10-09T01:00:00.000000-0600,,
2023-10-09T02:00:00.000000-0600,,
2023-10-09T03:00:00.000000-0600,118.3,118.3
2023-10-09T04:00:00.000000-0600,105.09,105.09
2023-10-09T05:00:00.000000-0600,105.71,105.71
2023-10-09T06:00:00.000000-0600,98.38,98.38
2023-10-09T07:00:00.000000-0600,115.96,115.96
2023-10-09T08:00:00.000000-0600,87.22,87.22
2023-10-09T09:00:00.000000-0600,39.33,39.33
2023-10-09T10:00:00.000000-0600,11.03,11.03
2023-10-09T11:00:00.000000-0600,10.91,10.91
2023-10-09T12:00:00.000000-0600,8.25,8.25
2023-10-09T13:00:00.000000-0600,11.57,11.57
2023-10-09T14:00:00.000000-0600,4.73,4.73
2023-10-09T15:00:00.000000-0600,5.74,5.74
2023-10-09T16:00:00.000000-0600,8.11,8.11
2023-10-09T17:00:00.000000-0600,19.14,19.14
2023-10-09T18:00:00.000000-0600,50.16,50.16
2023-10-09T19:00:00.000000-0600,33.63,33.63
2023-10-09T20:00:00.000000-0600,5.8,5.8
2023-10-09T21:00:00.000000-0600,16.78,16.78
2023-10-09T22:00:00.000000-0600,5.63,5.63
2023-10-09T23:00:00.000000-0600,9.35,9.35
2023-10-10T00:00:00.000000-0600,20.19,20.19
2023-10-10T01:00:00.000000-0600,44.3,44.3
2023-10-10T02:00:00.000000-0600,22.84,22.84
2023-10-10T03:00:00.000000-0600,41.15,41.15
2023-10-10T04:00:00.000000-0600,165.14,165.14
2023-10-10T05:00:00.000000-0600,115.19,115.19
2023-10-10T06:00:00.000000-0600,102.48,102.48
2023-10-10T07:00:00.000000-0600,62.91,62.91
2023-10-10T08:00:00.000000-0600,40.83,40.83
2023-10-10T09:00:00.000000-0600,6.86,6.86
2023-10-10T10:00:00.000000-0600,10.58,10.58
2023-10-10T11:00:00.000000-0600,14.04,14.04
2023-10-10T12:00:00.000000-0600,5.19,5.19
2023-10-10T13:00:00.000000-0600,10.11,10.11
2023-10-10T14:00:00.000000-0600,37.21,37.21
2023-10-10T15:00:00.000000-0600,37.1,37.1
2023-10-10T16:00:00.000000-0600,34.5,34.5
2023-10-10T17:00:00.000000-0600,37.74,37.74
2023-10-10T18:00:00.000000-0600,44.57,44.57
2023-10-10T19:00:00.000000-0600,53.26,53.27
2023-10-10T20:00:00.000000-0600,64.01,64.01
2023-10-10T21:00:00.000000-0600,,
2023-10-10T22:00:00.000000-0600,,
2023-10-10T23:00:00.000000-0600,58.67,58.67
2023-10-11T00:00:00.000000-0600,78.96,78.96
2023-10-11T01:00:00.000000-0600,58.23,58.23
2023-10-11T02:00:00.000000-0600,,
2023-10-11T03:00:00.000000-0600,,
2023-10-11T04:00:00.000000-0600,153.7,153.7
2023-10-11T05:00:00.000000-0600,127.86,127.86
2023-10-11T06:00:00.000000-0600,163.62,163.62
2023-10-11T07:00:00.000000-0600,111.52,111.52
2023-10-11T08:00:00.000000-0600,27.14,27.14
2023-10-11T09:00:00.000000-0600,32.41,32.41
2023-10-11T10:00:00.000000-0600,19.83,19.83
2023-10-11T11:00:00.000000-0600,29.43,29.43
2023-10-11T12:00:00.000000-0600,13.22,13.22
2023-10-11T13:00:00.000000-0600,9.78,9.78
2023-10-11T14:00:00.000000-0600,10.39,10.39
2023-10-11T15:00:00.000000-0600,12.96,12.96
2023-10-11T16:00:00.000000-0600,10.4,10.4
2023-10-11T17:00:00.000000-0600,23.42,23.42
2023-10-11T18:00:00.000000-0600,41.18,41.18
2023-10-11T19:00:00.000000-0600,57.64,57.64
2023-10-11T20:00:00.000000-0600,56.85,56.85
2023-10-11T21:00:00.000000-0600,68.43,68.43
2023-10-11T22:00:00.000000-0600,43.43,43.43
2023-10-11T23:00:00.000000-0600,14.49,14.49
2023-10-12T00:00:00.000000-0600,12.99,12.99
2023-10-12T01:00:00.000000-0600,15.83,15.83
2023-10-12T02:00:00.000000-0600,7.52,7.52
2023-10-12T03:00:00.000000-0600,12.91,12.91
2023-10-12T04:00:00.000000-0600,87.62,87.62
2023-10-12T05:00:00.000000-0600,70.55,70.55
2023-10-12T06:00:00.000000-0600,83.87,83.87
2023-10-12T07:00:00.000000-0600,25.61,25.61
2023-10-12T08:00:00.000000-0600,33.15,33.15
2023-10-12T09:00:00.000000-0600,14.67,14.67
2023-10-12T10:00:00.000000-0600,4.24,4.24
2023-10-12T11:00:00.000000-0600,3.55,3.55
2023-10-12T12:00:00.000000-0600,3.4,3.4
2023-10-12T13:00:00.000000-0600,3.56,3.56
2023-10-12T14:00:00.000000-0600,2.01,2.01
2023-10-12T15:00:00.000000-0600,1.8,1.8
2023-10-12T16:00:00.000000-0600,1.39,1.39
2023-10-12T17:00:00.000000-0600,1.63,1.63
2023-10-12T18:00:00.000000-0600,1.79,1.79
2023-10-12T19:00:00.000000-0600,4.57,4.57
2023-10-12T20:00:00.000000-0600,6.1,6.1
2023-10-12T21:00:00.000000-0600,5.74,5.74
2023-10-12T22:00:00.000000-0600,,
2023-10-12T23:00:00.000000-0600,,
2023-10-13T00:00:00.000000-0600,10.11,10.11
2023-10-13T01:00:00.000000-0600,5.07,5.07
2023-10-13T02:00:00.000000-0600,,
2023-10-13T03:00:00.000000-0600,,
2023-10-13T04:00:00.000000-0600,8.5,8.5
2023-10-13T05:00:00.000000-0600,8.12,8.12
2023-10-13T06:00:00.000000-0600,12.38,12.38
2023-10-13T07:00:00.000000-0600,49.28,49.28
2023-10-13T08:00:00.000000-0600,16.53,16.53
2023-10-13T09:00:00.000000-0600,19.41,19.41
2023-10-13T10:00:00.000000-0600,16.46,16.46
2023-10-13T11:00:00.000000-0600,22.57,22.57
2023-10-13T12:00:00.000000-0600,23.13,23.13
2023-10-13T13:00:00.000000-0600,21.64,21.64
2023-10-13T14:00:00.000000-0600,15.81,15.81
2023-10-13T15:00:00.000000-0600,15.25,15.25
2023-10-13T16:00:00.000000-0600,15.67,15.67
2023-10-13T17:00:00.000000-0600,42.08,42.08
2023-10-13T18:00:00.000000-0600,183.72,183.72
2023-10-13T19:00:00.000000-0600,92.26,92.26
2023-10-13T20:00:00.000000-0600,136.93,136.93
2023-10-13T21:00:00.000000-0600,49.43,49.43
2023-10-13T22:00:00.000000-0600,21.06,21.06
2023-10-13T23:00:00.000000-0600,30.64,30.64
2023-10-14T00:00:00.000000-0600,19.97,19.97
2023-10-14T01:00:00.000000-0600,35.37,35.37
2023-10-14T02:00:00.000000-0600,20.69,20.69
2023-10-14T03:00:00.000000-0600,10.7,10.7
2023-10-14T04:00:00.000000-0600,9.75,9.75
2023-10-14T05:00:00.000000-0600,10.38,10.38
2023-10-14T06:00:00.000000-0600,9.86,9.86
2023-10-14T07:00:00.000000-0600,9.5,9.5
2023-10-14T08:00:00.000000-0600,8.43,8.43
2023-10-14T09:00:00.000000-0600,6.77,6.77
2023-10-14T10:00:00.000000-0600,8.05,8.05
2023-10-14T11:00:00.000000-0600,54.65,54.65
2023-10-14T12:00:00.000000-0600,11.33,11.33
2023-10-14T13:00:00.000000-0600,9.72,9.72
2023-10-14T14:00:00.000000-0600,9.33,9.33
2023-10-14T15:00:00.000000-0600,7.1,7.11
2023-10-14T16:00:00.000000-0600,7.83,7.83
2023-10-14T17:00:00.000000-0600,19.48,19.48
2023-10-14T18:00:00.000000-0600,10.24,10.24
2023-10-14T19:00:00.000000-0600,33.42,33.42
2023-10-14T20:00:00.000000-0600,56.6,56.6
2023-10-14T21:00:00.000000-0600,,
2023-10-14T22:00:00.000000-0600,,
2023-10-14T23:00:00.000000-0600,166.89,166.89
2023-10-15T00:00:00.000000-0600,197.41,197.41
2023-10-15T01:00:00.000000-0600,,
2023-10-15T02:00:00.000000-0600,,
2023-10-15T03:00:00.000000-0600,,
2023-10-15T04:00:00.000000-0600,64.15,64.15
2023-10-15T05:00:00.000000-0600,22.37,22.37
2023-10-15T06:00:00.000000-0600,15.41,15.41
2023-10-15T07:00:00.000000-0600,13.81,13.81
2023-10-15T08:00:00.000000-0600,9.19,9.19
2023-10-15T09:00:00.000000-0600,7.84,7.84
2023-10-15T10:00:00.000000-0600,6.62,6.62
2023-10-15T11:00:00.000000-0600,4.04,4.04
2023-10-15T12:00:00.000000-0600,3.54,3.54
2023-10-15T13:00:00.000000-0600,2.92,2.92
2023-10-15T14:00:00.000000-0600,2.33,2.33
2023-10-15T15:00:00.000000-0600,4.34,4.34
2023-10-15T16:00:00.000000-0600,6.03,6.03
2023-10-15T17:00:00.000000-0600,17.43,17.43
2023-10-15T18:00:00.000000-0600,15.1,15.1
2023-10-15T19:00:00.000000-0600,25.17,25.17
2023-10-15T20:00:00.000000-0600,68.04,68.04
2023-10-15T21:00:00.000000-0600,85.62,85.62
2023-10-15T22:00:00.000000-0600,137.57,137.57
2023-10-15T23:00:00.000000-0600,121.58,121.58
2023-10-16T00:00:00.000000-0600,100.59,100.59
2023-10-16T01:00:00.000000-0600,50.61,50.61
2023-10-16T02:00:00.000000-0600,,
2023-10-16T03:00:00.000000-0600,,
2023-10-16T04:00:00.000000-0600,51.7,51.7
2023-10-16T05:00:00.000000-0600,43.68,43.68
2023-10-16T06:00:00.000000-0600,41.08,41.08
2023-10-16T07:00:00.000000-0600,67.84,67.84
2023-10-16T08:00:00.000000-0600,27.14,27.14
2023-10-16T09:00:00.000000-0600,8.15,8.15
2023-10-16T10:00:00.000000-0600,5.26,5.26
2023-10-16T11:00:00.000000-0600,4.46,4.46
2023-10-16T12:00:00.000000-0600,3.55,3.55
2023-10-16T13:00:00.000000-0600,3.86,3.86
2023-10-16T14:00:00.000000-0600,2.62,2.62
2023-10-16T15:00:00.000000-0600,2.83,2.83
2023-10-16T16:00:00.000000-0600,4.54,4.54
2023-10-16T17:00:00.000000-0600,4.09,4.09
2023-10-16T18:00:00.000000-0600,61.18,61.18
2023-10-16T19:00:00.000000-0600,72.9,72.9
2023-10-16T20:00:00.000000-0600,75.76,75.76
2023-10-16T21:00:00.000000-0600,118.35,118.35
2023-10-16T22:00:00.000000-0600,153.98,153.98
2023-10-16T23:00:00.000000-0600,175.46,175.46
2023-10-17T00:00:00.000000-0600,197.29,197.29
2023-10-17T01:00:00.000000-0600,,
2023-10-17T02:00:00.000000-0600,,
2023-10-17T03:00:00.000000-0600,104.81,104.81
2023-10-17T04:00:00.000000-0600,361.37,361.37
2023-10-17T05:00:00.000000-0600,334.01,334.01
2023-10-17T06:00:00.000000-0600,305.57,305.57
2023-10-17T07:00:00.000000-0600,378.69,378.69
2023-10-17T08:00:00.000000-0600,115.16,115.16
2023-10-17T09:00:00.000000-0600,82.27,82.27
2023-10-17T10:00:00.000000-0600,23.22,23.22
2023-10-17T11:00:00.000000-0600,24.89,24.89
2023-10-17T12:00:00.000000-0600,18.27,18.27
2023-10-17T13:00:00.000000-0600,17.51,17.51
2023-10-17T14:00:00.000000-0600,17.2,17.2
2023-10-17T15:00:00.000000-0600,15.13,15.13
2023-10-17T16:00:00.000000-0600,11.84,11.84
2023-10-17T17:00:00.000000-0600,14.95,14.95
2023-10-17T18:00:00.000000-0600,85.11,85.11
2023-10-17T19:00:00.000000-0600,114.3,114.3
2023-10-17T20:00:00.000000-0600,50.37,50.37
2023-10-17T21:00:00.000000-0600,19.74,19.74
2023-10-17T22:00:00.000000-0600,23.49,23.49
2023-10-17T23:00:00.000000-0600,143.44,143.44
2023-10-18T00:00:00.000000-0600,40.77,40.77
2023-10-18T01:00:00.000000-0600,23.21,23.21
2023-10-18T02:00:00.000000-0600,110.8,110.8
2023-10-18T03:00:00.000000-0600,73.61,73.61
2023-10-18T04:00:00.000000-0600,105.56,105.56
2023-10-18T05:00:00.000000-0600,160.59,160.59
2023-10-18T06:00:00.000000-0600,113.87,113.87
2023-10-18T07:00:00.000000-0600,183.94,183.94
2023-10-18T08:00:00.000000-0600,141.94,141.94
2023-10-18T09:00:00.000000-0600,51.33,51.33
2023-10-18T10:00:00.000000-0600,7.11,7.11
2023-10-18T11:00:00.000000-0600,7.28,7.28
2023-10-18T12:00:00.000000-0600,5.41,5.41
2023-10-18T13:00:00.000000-0600,5.11,5.11
2023-10-18T14:00:00.000000-0600,6.6,6.6
2023-10-18T15:00:00.000000-0600,8.2,8.2
2023-10-18T16:00:00.000000-0600,4.77,4.77
2023-10-18T17:00:00.000000-0600,9.11,9.11
2023-10-18T18:00:00.000000-0600,3.28,3.28
2023-10-18T19:00:00.000000-0600,2.89,2.89
2023-10-18T20:00:00.000000-0600,2.05,2.05
2023-10-18T21:00:00.000000-0600,6.34,6.34
2023-10-18T22:00:00.000000-0600,,
2023-10-18T23:00:00.000000-0600,,
2023-10-19T00:00:00.000000-0600,67.7,67.7
2023-10-19T01:00:00.000000-0600,59.49,59.49
2023-10-19T02:00:00.000000-0600,181.52,181.52
2023-10-19T03:00:00.000000-0600,225.85,225.85
2023-10-19T04:00:00.000000-0600,174.64,174.63
2023-10-19T05:00:00.000000-0600,174.88,174.88
2023-10-19T06:00:00.000000-0600,193.25,193.25
2023-10-19T07:00:00.000000-0600,262.27,262.27
2023-10-19T08:00:00.000000-0600,224.2,224.2
2023-10-19T09:00:00.000000-0600,84.45,84.45
2023-10-19T10:00:00.000000-0600,23.19,23.19
2023-10-19T11:00:00.000000-0600,10.76,10.76
2023-10-19T12:00:00.000000-0600,16.0,16.0
2023-10-19T13:00:00.000000-0600,11.14,11.14
2023-10-19T14:00:00.000000-0600,9.66,9.66
2023-10-19T15:00:00.000000-0600,6.0,6.0
2023-10-19T16:00:00.000000-0600,6.23,6.23
2023-10-19T17:00:00.000000-0600,4.91,4.91
2023-10-19T18:00:00.000000-0600,31.82,31.82
2023-10-19T19:00:00.000000-0600,72.76,72.76
2023-10-19T20:00:00.000000-0600,,
2023-10-19T21:00:00.000000-0600,,
2023-10-19T22:00:00.000000-0600,127.59,127.59
2023-10-19T23:00:00.000000-0600,226.43,226.43
2023-10-20T00:00:00.000000-0600,576.9,576.9
2023-10-20T01:00:00.000000-0600,211.96,211.96
2023-10-20T02:00:00.000000-0600,,
2023-10-20T03:00:00.000000-0600,,
2023-10-20T04:00:00.000000-0600,186.47,186.47
2023-10-20T05:00:00.000000-0600,211.55,211.55
2023-10-20T06:00:00.000000-0600,184.55,184.55
2023-10-20T07:00:00.000000-0600,108.92,108.92
2023-10-20T08:00:00.000000-0600,157.69,157.69
2023-10-20T09:00:00.000000-0600,132.1,132.1
2023-10-20T10:00:00.000000-0600,46.07,46.07
2023-10-20T11:00:00.000000-0600,23.21,23.21
2023-10-20T12:00:00.000000-0600,11.0,11.0
2023-10-20T13:00:00.000000-0600,9.39,9.39
2023-10-20T14:00:00.000000-0600,11.19,11.19
2023-10-20T15:00:00.000000-0600,10.26,10.26
2023-10-20T16:00:00.000000-0600,18.98,18.98
2023-10-20T17:00:00.000000-0600,25.76,25.76
2023-10-20T18:00:00.000000-0600,51.01,51.01
2023-10-20T19:00:00.000000-0600,140.67,140.67
2023-10-20T20:00:00.000000-0600,191.3,191.3
2023-10-20T21:00:00.000000-0600,421.97,421.97
2023-10-20T22:00:00.000000-0600,73.19,73.19
2023-10-20T23:00:00.000000-0600,57.88,57.88
2023-10-21T00:00:00.000000-0600,61.79,61.79
2023-10-21T01:00:00.000000-0600,86.56,86.56
2023-10-21T02:00:00.000000-0600,42.54,42.54
2023-10-21T03:00:00.000000-0600,33.91,33.91
2023-10-21T04:00:00.000000-0600,29.36,29.36
2023-10-21T05:00:00.000000-0600,66.58,66.58
2023-10-21T06:00:00.000000-0600,114.0,114.0
2023-10-21T07:00:00.000000-0600,626.05,626.05
2023-10-21T08:00:00.000000-0600,312.17,312.17
2023-10-21T09:00:00.000000-0600,129.49,129.49
2023-10-21T10:00:00.000000-0600,56.79,56.79
2023-10-21T11:00:00.000000-0600,22.25,22.25
2023-10-21T12:00:00.000000-0600,4.82,4.82
2023-10-21T13:00:00.000000-0600,4.05,4.05
2023-10-21T14:00:00.000000-0600,3.05,3.05
2023-10-21T15:00:00.000000-0600,2.9,2.9
2023-10-21T16:00:00.000000-0600,2.59,2.59
2023-10-21T17:00:00.000000-0600,7.97,7.97
2023-10-21T18:00:00.000000-0600,9.45,9.45
2023-10-21T19:00:00.000000-0600,5.63,5.63
2023-10-21T20:00:00.000000-0600,10.74,10.74
2023-10-21T21:00:00.000000-0600,,
2023-10-21T22:00:00.000000-0600,,
2023-10-21T23:00:00.000000-0600,17.51,17.51
2023-10-22T00:00:00.000000-0600,37.5,37.5
2023-10-22T01:00:00.000000-0600,30.06,30.06
2023-10-22T02:00:00.000000-0600,24.1,24.1
2023-10-22T03:00:00.000000-0600,32.63,32.63
2023-10-22T04:00:00.000000-0600,98.4,98.4
2023-10-22T05:00:00.000000-0600,56.85,56.85
2023-10-22T06:00:00.000000-0600,142.1,142.1
2023-10-22T07:00:00.000000-0600,254.77,254.77
2023-10-22T08:00:00.000000-0600,77.34,77.34
2023-10-22T09:00:00.000000-0600,33.66,33.66
2023-10-22T10:00:00.000000-0600,6.59,6.59
2023-10-22T11:00:00.000000-0600,4.01,4.01
2023-10-22T12:00:00.000000-0600,2.6,2.6
2023-10-22T13:00:00.000000-0600,2.56,2.56
2023-10-22T14:00:00.000000-0600,2.19,2.19
2023-10-22T15:00:00.000000-0600,1.6,1.6
2023-10-22T16:00:00.000000-0600,2.77,2.77
2023-10-22T17:00:00.000000-0600,2.8,2.8
2023-10-22T18:00:00.000000-0600,4.8,4.8
2023-10-22T19:00:00.000000-0600,5.08,5.08
2023-10-22T20:00:00.000000-0600,6.25,6.25
2023-10-22T21:00:00.000000-0600,,
2023-10-22T22:00:00.000000-0600,,
2023-10-22T23:00:00.000000-0600,,
2023-10-23T00:00:00.000000-0600,7.15,7.15
2023-10-23T01:00:00.000000-0600,10.16,10.16
2023-10-23T02:00:00.000000-0600,71.22,71.22
2023-10-23T03:00:00.000000-0600,4.93,4.93
2023-10-23T04:00:00.000000-0600,70.66,70.66
2023-10-23T05:00:00.000000-0600,6.35,6.35
2023-10-23T06:00:00.000000-0600,34.93,34.93
2023-10-23T07:00:00.000000-0600,80.13,80.13
2023-10-23T08:00:00.000000-0600,30.49,30.49
2023-10-23T09:00:00.000000-0600,6.23,6.23
2023-10-23T10:00:00.000000-0600,2.92,2.92
2023-10-23T11:00:00.000000-0600,7.81,7.81
2023-10-23T12:00:00.000000-0600,9.27,9.27
2023-10-23T13:00:00.000000-0600,2.8,2.8
2023-10-23T14:00:00.000000-0600,2.61,2.61
2023-10-23T15:00:00.000000-0600,2.21,2.21
2023-10-23T16:00:00.000000-0600,1.72,1.72
2023-10-23T17:00:00.000000-0600,2.86,2.86
2023-10-23T18:00:00.000000-0600,4.68,4.68
2023-10-23T19:00:00.000000-0600,5.21,5.21
2023-10-23T20:00:00.000000-0600,4.55,4.55
2023-10-23T21:00:00.000000-0600,5.81,5.81
2023-10-23T22:00:00.000000-0600,,
2023-10-23T23:00:00.000000-0600,,
2023-10-24T00:00:00.000000-0600,4.31,4.31
2023-10-24T01:00:00.000000-0600,5.74,5.74
2023-10-24T02:00:00.000000-0600,6.76,6.76
2023-10-24T03:00:00.000000-0600,4.52,4.52
2023-10-24T04:00:00.000000-0600,8.48,8.48
2023-10-24T05:00:00.000000-0600,8.82,8.82
2023-10-24T06:00:00.000000-0600,8.69,8.69
2023-10-24T07:00:00.000000-0600,9.11,9.11
2023-10-24T08:00:00.000000-0600,4.02,4.02
2023-10-24T09:00:00.000000-0600,2.24,2.24
2023-10-24T10:00:00.000000-0600,1.7,1.7
2023-10-24T11:00:00.000000-0600,2.33,2.33
2023-10-24T12:00:00.000000-0600,2.32,2.32
2023-10-24T13:00:00.000000-0600,2.05,2.05
2023-10-24T14:00:00.000000-0600,2.73,2.73
2023-10-24T15:00:00.000000-0600,1.89,1.89
2023-10-24T16:00:00.000000-0600,2.03,2.03
2023-10-24T17:00:00.000000-0600,4.23,4.23
2023-10-24T18:00:00.000000-0600,5.12,5.12
2023-10-24T19:00:00.000000-0600,4.11,4.11
2023-10-24T20:00:00.000000-0600,5.35,5.35
2023-10-24T21:00:00.000000-0600,5.63,5.63
2023-10-24T22:00:00.000000-0600,,
2023-10-24T23:00:00.000000-0600,,
2023-10-25T00:00:00.000000-0600,6.79,6.79
2023-10-25T01:00:00.000000-0600,,
2023-10-25T02:00:00.000000-0600,,
2023-10-25T03:00:00.000000-0600,4.35,4.35
2023-10-25T04:00:00.000000-0600,3.78,3.78
2023-10-25T05:00:00.000000-0600,11.7,11.7
2023-10-25T06:00:00.000000-0600,12.54,12.54
2023-10-25T07:00:00.000000-0600,7.96,7.96
2023-10-25T08:00:00.000000-0600,4.57,4.57
2023-10-25T09:00:00.000000-0600,2.28,2.28
2023-10-25T10:00:00.000000-0600,1.89,1.89
2023-10-25T11:00:00.000000-0600,2.27,2.27
2023-10-25T12:00:00.000000-0600,1.35,1.35
2023-10-25T13:00:00.000000-0600,2.1,2.1
2023-10-25T14:00:00.000000-0600,1.44,1.44
2023-10-25T15:00:00.000000-0600,2.06,2.06
2023-10-25T16:00:00.000000-0600,4.24,4.24
2023-10-25T17:00:00.000000-0600,2.94,2.94
2023-10-25T18:00:00.000000-0600,4.16,4.16
2023-10-25T19:00:00.000000-0600,3.94,3.94
2023-10-25T20:00:00.000000-0600,3.08,3.08
2023-10-25T21:00:00.000000-0600,1.98,1.98
2023-10-25T22:00:00.000000-0600,1.53,1.53
2023-10-25T23:00:00.000000-0600,1.67,1.67
2023-10-26T00:00:00.000000-0600,1.68,1.68
2023-10-26T01:00:00.000000-0600,2.07,2.07
2023-10-26T02:00:00.000000-0600,,
2023-10-26T03:00:00.000000-0600,,
2023-10-26T04:00:00.000000-0600,3.0,3.0
2023-10-26T05:00:00.000000-0600,3.9,3.9
2023-10-26T06:00:00.000000-0600,4.82,4.82
2023-10-26T07:00:00.000000-0600,7.3,7.3
2023-10-26T08:00:00.000000-0600,4.83,4.83
2023-10-26T09:00:00.000000-0600,2.48,2.48
2023-10-26T10:00:00.000000-0600,3.9,3.9
2023-10-26T11:00:00.000000-0600,4.42,4.42
2023-10-26T12:00:00.000000-0600,3.9,3.9
2023-10-26T13:00:00.000000-0600,4.74,4.74
2023-10-26T14:00:00.000000-0600,6.05,6.05
2023-10-26T15:00:00.000000-0600,8.58,8.58
2023-10-26T16:00:00.000000-0600,6.1,6.1
2023-10-26T17:00:00.000000-0600,9.78,9.78
2023-10-26T18:00:00.000000-0600,10.99,10.99
2023-10-26T19:00:00.000000-0600,8.39,8.39
2023-10-26T20:00:00.000000-0600,8.5,8.5
2023-10-26T21:00:00.000000-0600,3.68,3.68
2023-10-26T22:00:00.000000-0600,8.86,8.86
2023-10-26T23:00:00.000000-0600,6.37,6.37
2023-10-27T00:00:00.000000-0600,6.19,6.19
2023-10-27T01:00:00.000000-0600,3.62,3.62
2023-10-27T02:00:00.000000-0600,3.93,3.93
2023-10-27T03:00:00.000000-0600,4.77,4.77
2023-10-27T04:00:00.000000-0600,5.68,5.68
2023-10-27T05:00:00.000000-0600,23.62,23.62
2023-10-27T06:00:00.000000-0600,9.89,9.89
2023-10-27T07:00:00.000000-0600,11.71,11.71
2023-10-27T08:00:00.000000-0600,192.0,192.0
2023-10-27T09:00:00.000000-0600,114.14,114.14
2023-10-27T10:00:00.000000-0600,23.95,23.95
2023-10-27T11:00:00.000000-0600,2.5,2.5
2023-10-27T12:00:00.000000-0600,1.12,1.12
2023-10-27T13:00:00.000000-0600,2.49,2.49
2023-10-27T14:00:00.000000-0600,2.46,2.46
2023-10-27T15:00:00.000000-0600,5.48,5.48
2023-10-27T16:00:00.000000-0600,6.16,6.16
2023-10-27T17:00:00.000000-0600,7.78,7.78
2023-10-27T18:00:00.000000-0600,23.28,23.28
2023-10-27T19:00:00.000000-0600,8.26,8.26
2023-10-27T20:00:00.000000-0600,5.29,5.29
2023-10-27T21:00:00.000000-0600,,
2023-10-27T22:00:00.000000-0600,,
2023-10-27T23:00:00.000000-0600,2.44,2.44
2023-10-28T00:00:00.000000-0600,2.46,2.46
2023-10-28T01:00:00.000000-0600,3.1,3.1
2023-10-28T02:00:00.000000-0600,8.54,8.54
2023-10-28T03:00:00.000000-0600,7.62,7.62
2023-10-28T04:00:00.000000-0600,9.77,9.77
2023-10-28T05:00:00.000000-0600,7.93,7.93
2023-10-28T06:00:00.000000-0600,5.23,5.23
2023-10-28T07:00:00.000000-0600,6.52,6.52
2023-10-28T08:00:00.000000-0600,3.15,3.15
2023-10-28T09:00:00.000000-0600,2.21,2.21
2023-10-28T10:00:00.000000-0600,2.69,2.69
2023-10-28T11:00:00.000000-0600,1.62,1.62
2023-10-28T12:00:00.000000-0600,1.46,1.46
2023-10-28T13:00:00.000000-0600,1.44,1.44
2023-10-28T14:00:00.000000-0600,2.09,2.09
2023-10-28T15:00:00.000000-0600,2.12,2.12
2023-10-28T16:00:00.000000-0600,2.53,2.53
2023-10-28T17:00:00.000000-0600,3.29,3.29
2023-10-28T18:00:00.000000-0600,4.68,4.68
2023-10-28T19:00:00.000000-0600,4.95,4.95
2023-10-28T20:00:00.000000-0600,4.78,4.78
2023-10-28T21:00:00.000000-0600,,
2023-10-28T22:00:00.000000-0600,,
2023-10-28T23:00:00.000000-0600,,
2023-10-29T00:00:00.000000-0600,2.87,2.87
2023-10-29T01:00:00.000000-0600,3.39,3.39
2023-10-29T02:00:00.000000-0600,8.18,8.18
2023-10-29T03:00:00.000000-0600,9.47,9.47
2023-10-29T04:00:00.000000-0600,11.3,11.3
2023-10-29T05:00:00.000000-0600,7.12,7.12
2023-10-29T06:00:00.000000-0600,8.13,8.13
2023-10-29T07:00:00.000000-0600,15.97,15.97
2023-10-29T08:00:00.000000-0600,8.01,8.01
2023-10-29T09:00:00.000000-0600,2.7,2.7
2023-10-29T10:00:00.000000-0600,1.87,1.87
2023-10-29T11:00:00.000000-0600,13.58,13.58
2023-10-29T12:00:00.000000-0600,1.62,1.62
2023-10-29T13:00:00.000000-0600,1.57,1.57
2023-10-29T14:00:00.000000-0600,1.39,1.39
2023-10-29T15:00:00.000000-0600,14.08,14.08
2023-10-29T16:00:00.000000-0600,19.5,19.5
2023-10-29T17:00:00.000000-0600,13.71,13.71
2023-10-29T18:00:00.000000-0600,12.22,12.22
2023-10-29T19:00:00.000000-0600,15.74,15.74
2023-10-29T20:00:00.000000-0600,,
2023-10-29T21:00:00.000000-0600,,
2023-10-29T22:00:00.000000-0600,,
2023-10-29T23:00:00.000000-0600,18.71,18.71
2023-10-30T00:00:00.000000-0600,13.17,13.17
2023-10-30T01:00:00.000000-0600,8.23,8.23
2023-10-30T02:00:00.000000-0600,19.06,19.06
2023-10-30T03:00:00.000000-0600,12.55,12.55
2023-10-30T04:00:00.000000-0600,13.78,13.78
2023-10-30T05:00:00.000000-0600,13.78,13.78
2023-10-30T06:00:00.000000-0600,17.67,17.67
2023-10-30T07:00:00.000000-0600,14.78,14.78
2023-10-30T08:00:00.000000-0600,,
2023-10-30T09:00:00.000000-0600,,
2023-10-30T10:00:00.000000-0600,9.48,9.48
2023-10-30T11:00:00.000000-0600,10.69,10.69
2023-10-30T12:00:00.000000-0600,9.56,9.56
2023-10-30T13:00:00.000000-0600,8.83,8.83
2023-10-30T14:00:00.000000-0600,6.85,6.85
2023-10-30T15:00:00.000000-0600,5.54,5.54
2023-10-30T16:00:00.000000-0600,7.77,7.77
2023-10-30T17:00:00.000000-0600,8.13,8.13
2023-10-30T18:00:00.000000-0600,11.93,11.93
2023-10-30T19:00:00.000000-0600,14.6,14.6
2023-10-30T20:00:00.000000-0600,12.42,12.42
2023-10-30T21:00:00.000000-0600,,
2023-10-30T22:00:00.000000-0600,,
2023-10-30T23:00:00.000000-0600,11.02,11.02
2023-10-31T00:00:00.000000-0600,19.81,19.81
2023-10-31T01:00:00.000000-0600,10.81,10.81
2023-10-31T02:00:00.000000-0600,13.85,13.85
2023-10-31T03:00:00.000000-0600,23.1,23.1
2023-10-31T04:00:00.000000-0600,28.66,28.66
2023-10-31T05:00:00.000000-0600,21.81,21.81
2023-10-31T06:00:00.000000-0600,42.63,42.63
2023-10-31T07:00:00.000000-0600,35.21,35.21
2023-10-31T08:00:00.000000-0600,17.09,17.09
2023-10-31T09:00:00.000000-0600,14.0,14.0
2023-10-31T10:00:00.000000-0600,7.92,7.92
2023-10-31T11:00:00.000000-0600,5.81,5.81
2023-10-31T12:00:00.000000-0600,6.66,6.66
2023-10-31T13:00:00.000000-0600,5.84,5.84
2023-10-31T14:00:00.000000-0600,5.49,5.49
2023-10-31T15:00:00.000000-0600,6.88,6.88
2023-10-31T16:00:00.000000-0600,8.8,8.8
2023-10-31T17:00:00.000000-0600,18.14,18.14
2023-10-31T18:00:00.000000-0600,37.72,37.72
2023-10-31T19:00:00.000000-0600,44.34,44.34
2023-10-31T20:00:00.000000-0600,35.87,35.87
2023-10-31T21:00:00.000000-0600,,
2023-10-31T22:00:00.000000-0600,,
2023-10-31T23:00:00.000000-0600,101.58,101.58
